Date,GARCH_Pred_Vol,Realized_Vol
2024-01-03,0.10827619990522609,0.1034825945082596
2024-01-04,0.11440118678666403,0.1021626843880756
2024-01-05,0.11095274603361614,0.1020577554322306
2024-01-08,0.10584917763286938,0.109580143177629
2024-01-09,0.1262692324343192,0.1082876613571272
2024-01-10,0.12021586168510727,0.1088098450939869
2024-01-11,0.11753096993082447,0.1087296667240336
2024-01-12,0.11186206868961356,0.1081643676315778
2024-01-16,0.10658609724865101,0.0994132392418003
2024-01-17,0.10458780904013565,0.1009832248634
2024-01-18,0.10578874769999233,0.1031474652407886
2024-01-19,0.11105105981791495,0.1096638551182574
2024-01-22,0.1245404089714152,0.1082304202105647
2024-01-23,0.11835914115233703,0.0939831451588921
2024-01-24,0.11318938894950756,0.0896256354413694
2024-01-25,0.10781759892149853,0.090758270482136
2024-01-26,0.10637509964927738,0.0906229315005621
2024-01-29,0.10217514901650808,0.0935680401663804
2024-01-30,0.1059290925964379,0.0938193897427156
2024-01-31,0.10152832419591769,0.1116858957625307
2024-02-01,0.13598009556791932,0.1168181243028639
2024-02-02,0.14583705846191788,0.1148942181422048
2024-02-05,0.14802211044283306,0.1151691892290962
2024-02-06,0.1414429351261782,0.115100439896044
2024-02-07,0.13404852924975258,0.1093008130082367
2024-02-08,0.13376085992642597,0.1086467664899877
2024-02-09,0.12644493828448441,0.1086939941261067
2024-02-12,0.12318368797055516,0.1086934370219749
2024-02-13,0.1169766367113301,0.1224149679676168
2024-02-14,0.1373592470137235,0.1232946926978094
2024-02-15,0.13797004857329748,0.1207768781337841
2024-02-16,0.1348710380059508,0.1217061976734497
2024-02-20,0.13121262871547226,0.118675941907803
2024-02-21,0.12873036656336706,0.118657539663542
2024-02-22,0.12187824603837687,0.1359511795727321
2024-02-23,0.16009092857475055,0.1359987178279142
2024-02-26,0.15047746268162207,0.1368888493274069
2024-02-27,0.1436741542300057,0.136455526814636
2024-02-28,0.13565295636212854,0.1350601559202163
2024-02-29,0.1286138959147566,0.1350081549316198
2024-03-01,0.12288772798322792,0.120217756478965
2024-03-04,0.126311612633391,0.1150416969179942
2024-03-05,0.12003538758042273,0.1183526428443822
2024-03-06,0.12849256715706117,0.1176799874394902
2024-03-07,0.12414632508321195,0.1210592458336681
2024-03-08,0.12852936410261181,0.1217772201861212
2024-03-11,0.12716001668958654,0.1219741095169322
2024-03-12,0.1207174676271557,0.1254394533140501
2024-03-13,0.12763808500451906,0.1257154273654693
2024-03-14,0.12148078574534386,0.113686848324132
2024-03-15,0.11618359881305862,0.1178106988478013
2024-03-18,0.12527342750463677,0.1172645681693228
2024-03-19,0.12236593712044942,0.1161335911975094
2024-03-20,0.11929790876124828,0.1160897746380686
2024-03-21,0.12301501933831821,0.1160440846687749
2024-03-22,0.11763741371131031,0.0961306024365712
2024-03-25,0.11267314850153437,0.0971335770825726
2024-03-26,0.10895040386586086,0.0962064638326795
2024-03-27,0.10485439892592617,0.0993666451427966
2024-03-28,0.10918940980401598,0.0990382319948233
2024-04-01,0.10426856991502435,0.0993800560694838
2024-04-02,0.10059670114503584,0.0982660264467354
2024-04-03,0.10399649718282723,0.0981010446094291
2024-04-04,0.0995352743208,0.1014249623352423
2024-04-05,0.11946338086721561,0.1059951152489933
2024-04-08,0.12586875727963712,0.1007288093027282
2024-04-09,0.1192681402225735,0.0980326552253749
2024-04-10,0.11332358092588425,0.104829146010623
2024-04-11,0.1231895410264521,0.1013604000968012
2024-04-12,0.12301329000654433,0.112342165896189
2024-04-15,0.1419196658295373,0.1199130533343895
2024-04-16,0.15277151600882316,0.115433491786052
2024-04-17,0.14441937955279038,0.1143023483660046
2024-04-18,0.14094734833031586,0.1116925999917481
2024-04-19,0.13381496496541417,0.1072090341273521
2024-04-22,0.13684189682480158,0.1128979394128661
2024-04-23,0.13775770024753883,0.1227380332599078
2024-04-24,0.1442374183408027,0.1226834372943531
2024-04-25,0.13612207982769928,0.1229739342894985
2024-04-26,0.13091955623886647,0.1240883148716583
2024-04-29,0.13324587822510597,0.1252033478959043
2024-04-30,0.12702377062041806,0.1352736991226178
2024-05-01,0.15165232595309341,0.1343935503538294
2024-05-02,0.14436901524311593,0.13948363084349
2024-05-03,0.14448048608385303,0.1411847719973239
2024-05-06,0.15102226538281918,0.1410733527608565
2024-05-07,0.15203434563277507,0.1411213777501044
2024-05-08,0.1431350910508634,0.1410459808174725
2024-05-09,0.1350128778768426,0.137701928809483
2024-05-10,0.13075058764890732,0.1354054007722251
2024-05-13,0.12376118531864785,0.1252614633326886
2024-05-14,0.11738476054653335,0.1156392569649435
2024-05-15,0.11374699761197063,0.1204029839279359
2024-05-16,0.1263797869960527,0.1177326902124182
2024-05-17,0.12064979468186723,0.1166049377726395
2024-05-20,0.11462708968950752,0.1090571150494006
2024-05-21,0.10912501873941842,0.1069213842486799
2024-05-22,0.10461974373753953,0.1036130898960235
2024-05-23,0.10192989437625644,0.1084717606648212
2024-05-24,0.1071846383508292,0.1075602939496686
2024-05-28,0.1076607404808603,0.1045746868147378
2024-05-29,0.10279708841014852,0.1089035715364309
2024-05-30,0.10721239723166842,0.0938477320619019
2024-05-31,0.11009332137426596,0.0949920371779315
2024-06-03,0.11507533129677584,0.0918291489765934
2024-06-04,0.10949430073628691,0.0839859550938335
2024-06-05,0.10448713384526144,0.0861412325849455
2024-06-06,0.11782999319535663,0.0863167838126589
2024-06-07,0.11203456293050071,0.0867212497471481
2024-06-10,0.10722309220821091,0.0855716347991176
2024-06-11,0.10332695856112972,0.0856411509600804
2024-06-12,0.09940151047814033,0.088567729926237
2024-06-13,0.10427944080361634,0.0880103346750467
2024-06-14,0.10005819103600815,0.0791486032130427
2024-06-17,0.09596092919933118,0.0815629256142143
2024-06-18,0.1008938134712329,0.081619170025126
2024-06-20,0.09730610023834915,0.0830263199383879
2024-06-21,0.0953139898906834,0.0855292699577052
2024-06-24,0.09612628795913503,0.0857607831591298
2024-06-25,0.09491017074750863,0.0804122393376896
2024-06-26,0.0931121314134303,0.0784014851107536
2024-06-27,0.08981618906646217,0.0783581047936075
2024-06-28,0.08697494559663481,0.0747933676789871
2024-07-01,0.08801011116967498,0.0684806145980958
2024-07-02,0.08558263240110107,0.0658619914628805
2024-07-03,0.08972651846267513,0.0663005377972396
2024-07-05,0.08933276002072976,0.0673791689180617
2024-07-08,0.09100183118983861,0.057878572032302
2024-07-09,0.08791618892215755,0.0575871028705764
2024-07-10,0.08514235303768058,0.0626942893456313
2024-07-11,0.09736468938492464,0.0733197592509128
2024-07-12,0.10684169597837637,0.074928893465783
2024-07-15,0.1068485753011706,0.0715723174368608
2024-07-16,0.10275700377082893,0.0730186458198228
2024-07-17,0.10272449807103157,0.0917858443036668
2024-07-18,0.1280698070870541,0.0933771446626274
2024-07-19,0.1298226226878348,0.0962203033909987
2024-07-22,0.129360124278167,0.1018602077185121
2024-07-23,0.13371458472460152,0.1004440946198474
2024-07-24,0.1269798249137964,0.1293938276239943
2024-07-25,0.17788009918631462,0.1296951766400192
2024-07-26,0.16991192026391697,0.1358166604807933
2024-07-29,0.1699131991715634,0.1357068096199291
2024-07-30,0.1594730164464454,0.1361643614725592
2024-07-31,0.1532206400887459,0.1473549743578596
2024-08-01,0.16810533346080966,0.1539380776005173
2024-08-02,0.17822565359402592,0.1651266047546895
2024-08-05,0.19898975474776542,0.188835409490291
2024-08-06,0.2507609562854609,0.1932207133751559
2024-08-07,0.2386772957128577,0.1930980028695799
2024-08-08,0.22640792754578382,0.2088657905033124
2024-08-09,0.2450382589394613,0.2090505928464038
2024-08-12,0.22955215707674329,0.2070973831665363
2024-08-13,0.21430335113809848,0.2164077708018885
2024-08-14,0.21852514007226057,0.215395332667254
2024-08-15,0.2046357247258003,0.2199168486198161
2024-08-16,0.2120121806661314,0.2184045978556047
2024-08-19,0.1983576136408977,0.2192425232061784
2024-08-20,0.19210531104297232,0.2167107046966354
2024-08-21,0.18027118299276848,0.2168458309109544
2024-08-22,0.1697029634497978,0.2020544568639029
2024-08-23,0.16614589045930755,0.203032708820444
2024-08-26,0.16559182674650022,0.200801023065332
2024-08-27,0.15640498465049293,0.2007789773318903
2024-08-28,0.14716605420823756,0.2010994236804461
2024-08-29,0.1432109864370819,0.1938586821494464
2024-08-30,0.1350829361838495,0.1882260746881426
2024-09-03,0.13691749151193522,0.1910858717210905
2024-09-04,0.1758673819700234,0.1547209593191149
2024-09-05,0.1655947551924081,0.1541013122300259
2024-09-06,0.1564366764089478,0.1654651745981485
2024-09-09,0.17673615725631767,0.1511739547607512
2024-09-10,0.17579316477651585,0.151160619746986
2024-09-11,0.1661741132836643,0.1541526824171859
2024-09-12,0.16495060309249285,0.1470685721481998
2024-09-13,0.1608719433596447,0.1475363697424886
2024-09-16,0.15334827214772484,0.1364762794512103
2024-09-17,0.14439043611771876,0.136386021570332
2024-09-18,0.13613268163526454,0.1330891547256688
2024-09-19,0.13013533873700112,0.1449456929405985
2024-09-20,0.1530315862135841,0.146028601562114
2024-09-23,0.14712694499223977,0.1427853693167878
2024-09-24,0.13902413473307426,0.1388107073937972
2024-09-25,0.13183144224814644,0.1387608566892094
2024-09-26,0.1256683652683881,0.1391882602869237
2024-09-27,0.12053794408962497,0.1373388978954433
2024-09-30,0.115005857558084,0.1376402472005053
2024-10-01,0.11104384184325354,0.138661077375498
2024-10-02,0.1185999712727899,0.1152777681963055
2024-10-03,0.11268206436267693,0.1151970417222474
2024-10-04,0.10818062687302672,0.1171841691094015
2024-10-07,0.11345651237631187,0.1034871673190749
2024-10-08,0.12075347801660809,0.1018065721798072
2024-10-09,0.12467820147965288,0.1028411771777617
2024-10-10,0.12327760849657002,0.0996962085347197
2024-10-11,0.11765246380982916,0.0980299737936646
2024-10-14,0.11573974308031958,0.0998594077994424
2024-10-15,0.11782123542315018,0.1053220840558614
2024-10-16,0.12136893116839853,0.1057288396563235
2024-10-17,0.11704354395284497,0.1045885198915267
2024-10-18,0.11130642207385669,0.0893841710606428
2024-10-21,0.10759940437384621,0.0874023856883052
2024-10-22,0.10350274367771635,0.087497204404634
2024-10-23,0.09925679929623722,0.0941789400564926
2024-10-24,0.10973684721644962,0.093779398429808
2024-10-25,0.10502395247536962,0.0931147589207659
2024-10-28,0.10056205364351857,0.0932080776314484
2024-10-29,0.0973965242320105,0.0925321800660578
2024-10-30,0.09374434718642553,0.0868150475891499
2024-10-31,0.09255420141670809,0.1127347758645044
2024-11-01,0.14450093371969455,0.1134519424657456
2024-11-04,0.13769982540593592,0.1090849091499112
2024-11-05,0.13093602723643336,0.1120441582228456
2024-11-06,0.13922511242586436,0.1364484328213964
2024-11-07,0.18726593079224158,0.1368777255640496
2024-11-08,0.1797909105339615,0.1366767026859407
2024-11-11,0.16979744939298683,0.1358453851441669
2024-11-12,0.159378459265437,0.1345502484428521
2024-11-13,0.1512495605946394,0.1307179064779446
2024-11-14,0.14239297568308862,0.1329951067037347
2024-11-15,0.1399410981437414,0.1413267571945025
2024-11-18,0.15196964614333916,0.1414087073329313
2024-11-19,0.14435743911914967,0.1416854839290408
2024-11-20,0.13714798005293594,0.1416345543198401
2024-11-21,0.12953403218976026,0.1379120981472638
2024-11-22,0.12541483443696452,0.1380256304233549
2024-11-25,0.11966015162032685,0.1380639595844091
2024-11-26,0.11468644431533714,0.1385663748403416
2024-11-27,0.11210369667973742,0.1394921056351979
2024-11-29,0.10871253177616216,0.1394801068985408
2024-12-02,0.10830685754601058,0.115278708737755
2024-12-03,0.10358787607058231,0.1154492457785915
2024-12-04,0.09913368683642822,0.1146753329115606
2024-12-05,0.10008411816686257,0.110937001704261
2024-12-06,0.09680205162845444,0.0762916977442314
2024-12-09,0.09331882332851361,0.075772056204015
2024-12-10,0.09550017903517952,0.0756958576577047
2024-12-11,0.0941876559429881,0.0798509254720769
2024-12-12,0.09893552873738935,0.0813848551119547
2024-12-13,0.10025103332057339,0.0814303151914064
2024-12-16,0.09623870555093965,0.0782064099382776
2024-12-17,0.09474976173058358,0.0628924822160096
2024-12-18,0.0949456593546158,0.1259212731018213
2024-12-19,0.19467639454385346,0.1251602781452937
2024-12-20,0.18227499779116507,0.1289223133112992
2024-12-23,0.17648814640186708,0.129258986841672
2024-12-24,0.16817542568032526,0.1344333874364463
2024-12-26,0.16825862991481208,0.1340143135412741
2024-12-27,0.15798538086644848,0.1378403002424142
2024-12-30,0.16109331856663575,0.1428472300105872
2024-12-31,0.165681107186729,0.1407848500262309
2025-01-02,0.15738716713691833,0.1403709566149302
2025-01-03,0.14898568287106725,0.1483905774376169
2025-01-06,0.15499351479891232,0.1481277212100411
2025-01-07,0.1485933218651424,0.1524494114040814
2025-01-08,0.155045009537042,0.1523373288938468
2025-01-10,0.14593794201307997,0.1594212996191395
2025-01-13,0.16386237243563007,0.1598081002296937
2025-01-14,0.15401876553099916,0.1565780640233668
2025-01-15,0.1449854193345541,0.1706887985969853
2025-01-16,0.1676022939064026,0.1707017699822085
2025-01-17,0.15798616223707104,0.1740477436937117
2025-01-21,0.15747308656528872,0.1768100929087673
2025-01-22,0.15547171728529308,0.1394260930590035
2025-01-23,0.14887646832562604,0.1398521958525892
2025-01-24,0.1427863013091224,0.1385840638187286
2025-01-27,0.13609318893060932,0.1474757577439026
2025-01-28,0.1528816292226105,0.1454360725379976
2025-01-29,0.15053831653584593,0.1463649609095347
2025-01-30,0.1445601202943204,0.1421457235748136
2025-01-31,0.13882176265908056,0.1369620457586257
2025-02-03,0.13516651513855726,0.138726913042621
2025-02-04,0.13413746005310567,0.1395177154967207
2025-02-05,0.1312259362355799,0.1340688060517276
2025-02-06,0.12560421045321446,0.1332789953454304
2025-02-07,0.12009021461505959,0.1309577376346231
2025-02-10,0.12642458688323943,0.1324889575764101
2025-02-11,0.12459016806320071,0.1179973199259463
2025-02-12,0.11811037887788983,0.1193757896898505
2025-02-13,0.11424758656056118,0.1231269606295199
2025-02-14,0.12190636947560492,0.1089602455527535
2025-02-18,0.11573084384269862,0.1084239699782604
2025-02-19,0.1108392474910488,0.1040936282281664
2025-02-20,0.10610761722745053,0.1015220078299387
2025-02-21,0.10482884179960535,0.1169566882453382
2025-02-24,0.14122023571360093,0.1156642601900364
2025-02-25,0.13631049421615235,0.1163174235355191
2025-02-26,0.132477085763201,0.1060633770443211
2025-02-27,0.1252747989228265,0.1139544480522281
2025-02-28,0.15081570957814336,0.1276632875871008
2025-03-03,0.16440213269007975,0.138573203675631
2025-03-04,0.18497260643471966,0.1425558932154267
2025-03-05,0.18678170062309515,0.147958769828353
2025-03-06,0.18374192795630678,0.1557950453097497
2025-03-07,0.20068776945233108,0.1566832931725384
2025-03-10,0.18976960293903772,0.176834639475169
2025-03-11,0.234970983312348,0.1765287970915795
2025-03-12,0.2248969170974109,0.1754977134929088
2025-03-13,0.21162850249022705,0.1777509271405185
2025-03-14,0.21266641402445624,0.1975947211378869
2025-03-17,0.2273960692590151,0.1953387440303214
2025-03-18,0.21594089459072932,0.1965584550257872
2025-03-19,0.2116452583418599,0.2018830125886767
2025-03-20,0.20584460186920375,0.200753342210343
2025-03-21,0.19346034603556767,0.2007889127250589
2025-03-24,0.1820060187162235,0.2076573126287408
2025-03-25,0.19546784909731815,0.2080170967596543
2025-03-26,0.18320373019046576,0.210791488643026
2025-03-27,0.1854915898680849,0.2105835043341114
2025-03-28,0.1747154705491532,0.2145827337138959
2025-03-31,0.20117460892189795,0.2073598398708254
2025-04-01,0.19120335117740514,0.2009821670586919
2025-04-02,0.1794358777050487,0.1994504916745364
2025-04-03,0.17117685987986034,0.2582288800102965
2025-04-04,0.3270131662753752,0.3212457483134677
2025-04-07,0.45580482003625217,0.3189114245231841
2025-04-08,0.4236684887174131,0.3120422396788008
2025-04-09,0.40415550885939927,0.4805090927063851
2025-04-10,0.6683476277321144,0.5035207161998431
2025-04-11,0.6699499277130164,0.5069396347382845
2025-04-14,0.6290838698331567,0.5024025646864191
2025-04-15,0.5861499109828009,0.5011554661234552
2025-04-16,0.5445284580937256,0.5051824240927855
2025-04-17,0.5217268746222569,0.5029598334462486
2025-04-21,0.48453392485264657,0.5079476890255188
2025-04-22,0.4706147890949319,0.5186593777274943
2025-04-23,0.4589413528241657,0.5175149484398068
2025-04-24,0.4342254531486112,0.5239793602197461
2025-04-25,0.41890466846136304,0.5237851003084621
2025-04-28,0.3910238643931412,0.5238082228214131
2025-04-29,0.36349416439977933,0.5197687432638606
2025-04-30,0.3394933716984227,0.5191873826030616
2025-05-01,0.315824344323615,0.5197280156231712
2025-05-02,0.29612982567518287,0.5218755440376279
2025-05-05,0.28674691359041493,0.4890550463826715
2025-05-06,0.26941103795141413,0.4353749468605699
2025-05-07,0.25602215215941315,0.4347290579767416
2025-05-08,0.23954554476745704,0.4280623811363998
2025-05-09,0.2262822326727845,0.259170552995948
2025-05-12,0.21155004186481013,0.2213201930830201
2025-05-13,0.2658384463831719,0.216610727264217
2025-05-14,0.24999304911398315,0.2160413361894153
2025-05-15,0.23317799505901393,0.2145818509565888
2025-05-16,0.21893653632771984,0.1909023566782934
2025-05-19,0.2069787362968621,0.1910026008258181
2025-05-20,0.19353613605797587,0.1612925758359529
2025-05-21,0.18250381535254612,0.1660427404259115
2025-05-22,0.1971268940830001,0.1620526430460248
2025-05-23,0.1844601708301421,0.1541368210593432
2025-05-27,0.1777383973250892,0.1655538243822259
2025-05-28,0.20035408654527148,0.1683277384620864
2025-05-29,0.19079313386677,0.1679631158934206
2025-05-30,0.17959656391253542,0.1683379180772233
2025-06-02,0.1686283915752252,0.1679620709734349
2025-06-03,0.1607354477624731,0.1627265435754367
2025-06-04,0.15369203613970184,0.160356329649177
2025-06-05,0.1447059908550116,0.1577225436093616
2025-06-06,0.1397547264690371,0.1597441522430845
2025-06-09,0.1423438957780563,0.1592922728810046
2025-06-10,0.13427116346330098,0.1588492530816523
2025-06-11,0.12998061275972186,0.1186749810188696
2025-06-12,0.12450680603493791,0.1175982794370462
2025-06-13,0.1195049206737069,0.1254363878955513
2025-06-16,0.13129243251286044,0.128314598076268
2025-06-17,0.1336430943105996,0.1308560182212672
2025-06-18,0.13630747039363697,0.1308278939421389
2025-06-20,0.12882910968298775,0.1316633230216128
2025-06-23,0.1263215839461232,0.1200178086694488
2025-06-24,0.130233209576542,0.1244361009856535
2025-06-25,0.13611684926181772,0.120458241956885
2025-06-26,0.12858655725029597,0.1027949560227639
2025-06-27,0.128145880169159,0.0996890743368665
2025-06-30,0.1237292307070746,0.0999177813056201
2025-07-01,0.11959427014103835,0.0996231743013302
2025-07-02,0.1136961551851712,0.0992257946324967
2025-07-03,0.11041640478313197,0.1004653342860609
2025-07-07,0.1127437565015293,0.1057387057059758
2025-07-08,0.11644551823591633,0.1032853273583922
2025-07-09,0.11091425249463607,0.1001053693329637
2025-07-10,0.10987989137821565,0.1000746085397057
2025-07-11,0.10551581594741345,0.1009341334641263
2025-07-14,0.10345293994605652,0.0996277678803117
2025-07-15,0.09927304562338082,0.1014710183635441
2025-07-16,0.09907364502501446,0.090506621278056
2025-07-17,0.09628620038945229,0.0877727277692087
2025-07-18,0.09750617212824922,0.0797349390070409
2025-07-21,0.09397070549935208,0.0792443659307925
2025-07-22,0.09079532222266354,0.0746573616134943
2025-07-23,0.08771783009227743,0.0731555044515581
2025-07-24,0.09556856278709404,0.0668574062091549
2025-07-25,0.0919528786792031,0.0669809862974782
2025-07-28,0.09095849747593192,0.0644083182355544
2025-07-29,0.08795516025824249,0.0652555461719941
2025-07-30,0.0870537856629949,0.0648490911799926
2025-07-31,0.08499115678476193,0.0669650364551261
2025-08-01,0.0860305907914794,0.0893604756195493
2025-08-04,0.12676315298432675,0.100134793664183
2025-08-05,0.14464045406531859,0.0980683803304457
2025-08-06,0.13999090372327572,0.1009580513712603
2025-08-07,0.13778409505025913,0.0994259410456801
2025-08-08,0.1303537009711633,0.10224274368048
2025-08-11,0.12962790050237102,0.1015478627258438
2025-08-12,0.12352582239859189,0.106913125679728
2025-08-13,0.12966470849248035,0.1051200081053875
2025-08-14,0.12370979130892609,0.1050879668191321
2025-08-15,0.11734353483128605,0.1045561995752011
2025-08-18,0.11274482439525037,0.1044543044101471
2025-08-19,0.10748049962931966,0.1068822524648675
2025-08-20,0.10801867509288077,0.1075480996579777
2025-08-21,0.10471247125725561,0.1048389358677129
2025-08-22,0.10340492673394601,0.117239783039947
2025-08-25,0.1282013024619328,0.1178894672536856
2025-08-26,0.12456232880657689,0.1185778764576137
2025-08-27,0.11974488554934382,0.1181013323299996
2025-08-28,0.11409322013083525,0.1181926650009032
2025-08-29,0.10981757024022146,0.1195805793372885
2025-09-02,0.1109830016968678,0.1062272230473609
2025-09-03,0.11488962904186867,0.0952377382913025
2025-09-04,0.11253796359513289,0.0958770885124341
2025-09-05,0.11548652645007658,0.0944290798263433
2025-09-08,0.11158379154927484,0.0942767853636207
2025-09-09,0.10682970974110137,0.0913608342494513
2025-09-10,0.10248638596068088,0.090933688124272
2025-09-11,0.09895805641989149,0.0882378847413887
2025-09-12,0.104134973721634,0.0879500499338074
2025-09-15,0.09976043940560889,0.0891832252657561
2025-09-16,0.09921268395177762,0.0887661705354645
2025-09-17,0.09584273300626087,0.0890446664102734
2025-09-18,0.09275966560591409,0.0864469295215021
2025-09-19,0.09223711577674645,0.085025376111588
2025-09-22,0.08939044865007113,0.0827538141488655
2025-09-23,0.08941209263136571,0.0723449331753722
2025-09-24,0.09281526790949098,0.0712426813494816
2025-09-25,0.0919419262652419,0.0733514211064033
2025-09-26,0.09336478374277812,0.0750845840869947
2025-09-29,0.09435674149725068,0.0748295052153303
2025-09-30,0.09167848794968092,0.0707594606787936
2025-10-01,0.09019183097395543,0.0629754185671526
2025-10-02,0.08852079299359804,0.0618346013339357
2025-10-03,0.08570900510260539,0.057423178272995
2025-10-06,0.08323134495944054,0.0555938316057614
2025-10-07,0.08264010682638617,0.0586463841771175
2025-10-08,0.08396668492231726,0.0606241706387564
2025-10-09,0.08686128555772678,0.0624129432267836
2025-10-10,0.08641982962189156,0.1138168988030177
2025-10-13,0.17706422575636555,0.1259388118981965
2025-10-14,0.18492158901761313,0.1247614096025075
2025-10-15,0.17354166617356956,0.1255172969304749
2025-10-16,0.16418529124476314,0.1278948626515216
2025-10-17,0.15969626471797355,0.1283889640073747
2025-10-20,0.1527303846240952,0.133047312864225
2025-10-21,0.15363806918391568,0.1321821962687864
2025-10-22,0.14461593224216127,0.1320494678215851
2025-10-23,0.14013433988380564,0.1327576256852773
2025-10-24,0.13550666308746162,0.133593230934976
2025-10-27,0.1347272541023684,0.1376222523269267
2025-10-28,0.14158722834136078,0.1376070664902165
2025-10-29,0.13405584424052647,0.1374419705984584
2025-10-30,0.1267120011955016,0.1438885299444573
2025-10-31,0.1364915644122105,0.1441409546488775
2025-11-03,0.12978049319589782,0.1441376599006583
2025-11-04,0.12302400370069194,0.1505002438662437
2025-11-05,0.1359675941510001,0.150166575190804
2025-11-06,0.12942866343909618,0.1538022945640809
2025-11-07,0.1379644890059562,0.1535306818851476
2025-11-10,0.13028606268990944,0.1266660405933274
2025-11-11,0.1485348659028065,0.1172586222374112
2025-11-12,0.14022361974700456,0.1169164397742085
2025-11-13,0.1323282735135261,0.1322115729517672
2025-11-14,0.1580724271631372,0.1295489062674833
2025-11-17,0.14869180565735843,0.1328653581420515
2025-11-18,0.15065582930902827,0.1305071554417024
2025-11-19,0.15052000823694212,0.1314866180287699
2025-11-20,0.14287463590647861,0.14035336391663
2025-11-21,0.1614449022607502,0.1435198115190881
2025-11-24,0.16032169351382017,0.1502551722851788
2025-11-25,0.16967508043322266,0.1480147988774393
2025-11-26,0.16655117017022558,0.1499386653054972
2025-11-28,0.1602459944248431,0.1513328055612015
2025-12-01,0.15300792606684832,0.1471211188179774
2025-12-02,0.1468637028198524,0.1468077999694466
2025-12-03,0.13855853921643355,0.1471691965932832
2025-12-04,0.13176940560210695,0.1405901057027579
2025-12-05,0.12463166352668614,0.1402993872490043
2025-12-08,0.1183632524485645,0.1348495228239805
2025-12-09,0.11425230378452442,0.1349931898875515
2025-12-10,0.10905239909899131,0.1260773316356074
2025-12-11,0.10928895951174815,0.1260843977195798
2025-12-12,0.10470086003787572,0.1319506600631693
2025-12-15,0.11861714830802021,0.1175419022940283
2025-12-16,0.11330947192835433,0.1180922356517919
2025-12-17,0.10948755684279082,0.1200153144834659
2025-12-18,0.12302076473840348,0.1179146076251504
2025-12-19,0.12287556202685762,0.1187977989231979
2025-12-22,0.120459739718185,0.1032228408009405
2025-12-23,0.11854281120284225,0.0998606581834059
2025-12-24,0.11475664933086863,0.0890834866382106
2025-12-26,0.11039120675578326,0.0844969771389529
2025-12-29,0.10533161549385162,0.0831823835808348
2025-12-30,0.10335170372823177,0.0814472712440414
2025-12-31,0.09944154783870227,0.084141892990458
2026-01-02,0.10540305743037647,0.0841369495718165
2026-01-05,0.10099325667026147,0.0864199971384735
2026-01-06,0.1024609095089237,0.0886208185028649
2026-01-07,0.10249706201068388,0.0893878223477049
2026-01-08,0.10044870020874697,0.0886083500484171
2026-01-09,0.09639218851351673,0.0909919987851848
2026-01-12,0.09848697994920423,0.0885531675463356
2026-01-13,0.09470386988028938,0.0887120540048822
2026-01-14,0.0923177914791421,0.081458930720276
2026-01-15,0.09422210906700411,0.0813974432382676
2026-01-16,0.09149578635649137,0.0806208743971001
2026-01-20,0.08867022248603602,0.1022035413288782
2026-01-21,0.1458316036145791,0.1064836080703268
2026-01-22,0.15017972782774122,0.1059683225813687
2026-01-23,0.14371778094851642,0.1039731180942709
2026-01-26,0.13552130621020808,0.1042479975173121
2026-01-27,0.13042865346774363,0.1044390771595186
2026-01-28,0.12482859468708449,0.1044390365073606
2026-01-29,0.11838942078802826,0.1038321806469268
2026-01-30,0.1134106191665657,0.1043639587756987
2026-02-02,0.10982374336555827,0.1015169510594697
2026-02-03,0.10751270435453518,0.1065393973968717
2026-02-04,0.11448837282111497,0.1055512574373507
2026-02-05,0.11312634695766981,0.1115056771617964
2026-02-06,0.13034433792973626,0.1307998389460201
2026-02-09,0.16033607978513537,0.1318205172155862
2026-02-10,0.15250794516833532,0.1301422788130403
2026-02-11,0.14467682221352166,0.1299947627366873
2026-02-12,0.13646946250705178,0.1404169786861546
2026-02-13,0.15727204435579947,0.1397179615593445
2026-02-17,0.1478985147636192,0.1394390794772906
2026-02-18,0.1394426263945983,0.1408120618413184
2026-02-19,0.1338958245958002,0.1206691603057293
2026-02-20,0.12785092645391793,0.1166067540554462
2026-02-23,0.1265221349588086,0.1206139689492563
2026-02-24,0.13428564332642418,0.123522806047933
2026-02-25,0.13218868194171896,0.1258114648711213
2026-02-26,0.13233538080175958,0.1263822262037536
2026-02-27,0.12978776069988818,0.1272807778024647
2026-03-02,0.126484351366692,0.1272505028742058
2026-03-03,0.11982695842644774,0.1302655757060231
2026-03-04,0.12539659648298726,0.1316118300339531
2026-03-05,0.12410649875202914,0.1298224228973765
2026-03-06,0.12262846081154136,0.1363393444197775
2026-03-09,0.13942888618256144,0.1334322041675919
2026-03-10,0.1391465370200756,0.1142606029985021
2026-03-11,0.13192480309248197,0.1123329206692961
2026-03-12,0.12520204287618772,0.1224499026170326
2026-03-13,0.14809258967322228,0.1230069517558483
2026-03-16,0.14383035771536984,0.1196801280700246
2026-03-17,0.14560888568780503,0.1201817855383316
2026-03-18,0.13770023170865497,0.1282459121720206
2026-03-19,0.15353593390015394,0.1260369944118254
2026-03-20,0.14549246116555137,0.136740270559296
2026-03-23,0.16913086261564964,0.1400770288970264
2026-03-24,0.1679446476628195,0.1372135738708298
2026-03-25,0.15921178062684713,0.13588844257455
2026-03-26,0.15218971552382815,0.1407410680217755
2026-03-27,0.17687229074762945,0.1485273897737805
2026-03-30,0.19324259694015314,0.1485099135158005
2026-03-31,0.1822233568562444,0.186244495684748
2026-04-01,0.23142756861806757,0.1879031123297089
2026-04-02,0.2194210776904348,0.1854615575532117
2026-04-06,0.20497682377020068,0.1864379944391913
2026-04-07,0.19303614383090723,0.1816676488832266
2026-04-08,0.1806987145763342,0.2006055006556836
2026-04-09,0.21764376718625608,0.201553705574319
2026-04-10,0.2053428142110027,0.2015104543437131
2026-04-13,0.19214229955783624,0.1957896298366209
2026-04-14,0.18690483645848738,0.1973657111484477
